StudentId,FirstName,LastName
1,Jack,Burton
2,Corbin,Dallas
3,Leeloo,Dallas
4,Alice,Williams
5,Charlie,Brown
6,Emma,White
7,David,Lee
8,Eva,Miller
9,Frank,Anderson
10,Grace,Jackson
11,Henry,Thomas
12,Isabel,Moore
13,Jack,Martin
14,Kate,Baker
15,Liam,Wilson
16,Mia,Lewis
17,Noah,Clark
18,Olivia,Scott
19,Peter,Young
20,Quinn,Hall
21,Rachel,Wright
22,Samuel,Lopez
23,Sophia,Hill
24,Tommy,Ward
25,Victoria,Kelly
26,William,Harrison
27,Xavier,Fisher
28,Yasmine,Barnes
29,Zachary,Morris
30,Abigail,Campbell
31,Brandon,Richardson
32,Chloe,Cooper
33,Daniel,Perry
34,Emily,Collins
35,Finn,Reed
36,Grace,Brooks
37,Henry,Morgan
38,Isabella,Edwards
39,Jack,Stewart
40,Katherine,Ferguson
41,Lucas,Ross
42,Madison,Watson
43,Noah,Sullivan
44,Olivia,Hansen
45,Preston,Dixon
46,Quinn,Harvey
47,Riley,Bailey
48,Sophie,Palmer
49,Tristan,Murray
50,Victoria,Bryant
